{
    "ffhq_raw": {
        "mean": [0.5202357, 0.42515425, 0.38027479],
        "std": [0.25083375, 0.22500227, 0.22217306]
    },
    "ffhq_blur": {
        "mean": [0.52059886, 0.42343326, 0.37824552],
        "std": [0.23487755, 0.20843514, 0.20488288]
    },
    "ffhq_grey": {
        "mean": [0.53297159, 0.4512335, 0.41959337],
        "std": [0.18732911, 0.16131044, 0.16250399]
    }
}